{
    "umbrales": {
        "alto": 0.9,
        "medio": 0.6
    },
    "pesos": {
        "bow": 0.05350295630034512,
        "tfidf": 0.35102575780142686,
        "semantico": 0.08025443445051768,
        "ngrama_palabra": 0.06234513542282318,
        "ngrama_caracter": 0.3191143252740244,
        "markov": 0.05350295630034512,
        "estilo": 0.08025443445051768
    }
}