{
    "umbrales": {
        "alto": 0.9,
        "medio": 0.6
    },
    "pesos": {
        "bow": 0.11255205961690437,
        "tfidf": 0.16882808942535654,
        "semantico": 0.16882808942535654,
        "ngrama_palabra": 0.1311530032012139,
        "ngrama_caracter": 0.13725860928890773,
        "markov": 0.11255205961690437,
        "estilo": 0.16882808942535654
    }
}