{
    "clubs": {
        "precision": 0.8382352941176471,
        "recall": 0.8769230769230769,
        "f1-score": 0.8571428571428571,
        "support": 65.0
    },
    "diamonds": {
        "precision": 0.6219512195121951,
        "recall": 0.7846153846153846,
        "f1-score": 0.6938775510204082,
        "support": 65.0
    },
    "hearts": {
        "precision": 0.7962962962962963,
        "recall": 0.6615384615384615,
        "f1-score": 0.7226890756302521,
        "support": 65.0
    },
    "spades": {
        "precision": 0.8035714285714286,
        "recall": 0.6923076923076923,
        "f1-score": 0.743801652892562,
        "support": 65.0
    },
    "accuracy": 0.7538461538461538,
    "macro avg": {
        "precision": 0.7650135596243919,
        "recall": 0.7538461538461538,
        "f1-score": 0.7543777841715198,
        "support": 260.0
    },
    "weighted avg": {
        "precision": 0.7650135596243918,
        "recall": 0.7538461538461538,
        "f1-score": 0.7543777841715198,
        "support": 260.0
    }
}