{
    "loss": 0.5100738406181335,
    "compile_metrics": 0.7538461685180664
}