{
    "BOW": {
        "exactitud": 0.6666666666666666,
        "precision": {
            "high": 0.6666666666666666,
            "medium": 0.5,
            "low": 1.0
        },
        "recall": {
            "high": 1.0,
            "medium": 0.5,
            "low": 0.5
        },
        "f1": {
            "high": 0.8,
            "medium": 0.5,
            "low": 0.6666666666666666
        },
        "matriz_confusion": [
            [
                2,
                0,
                0
            ],
            [
                1,
                1,
                0
            ],
            [
                0,
                1,
                1
            ]
        ]
    },
    "TFIDF": {
        "exactitud": 0.8333333333333334,
        "precision": {
            "high": 1.0,
            "medium": 0.6666666666666666,
            "low": 1.0
        },
        "recall": {
            "high": 1.0,
            "medium": 1.0,
            "low": 0.5
        },
        "f1": {
            "high": 1.0,
            "medium": 0.8,
            "low": 0.6666666666666666
        },
        "matriz_confusion": [
            [
                2,
                0,
                0
            ],
            [
                0,
                2,
                0
            ],
            [
                0,
                1,
                1
            ]
        ]
    },
    "MARKOV": {
        "exactitud": 0.5,
        "precision": {
            "high": 0.4,
            "medium": 0.0,
            "low": 1.0
        },
        "recall": {
            "high": 1.0,
            "medium": 0.0,
            "low": 0.5
        },
        "f1": {
            "high": 0.5714285714285714,
            "medium": 0.0,
            "low": 0.6666666666666666
        },
        "matriz_confusion": [
            [
                2,
                0,
                0
            ],
            [
                2,
                0,
                0
            ],
            [
                1,
                0,
                1
            ]
        ]
    },
    "SEMANTICO": {
        "exactitud": 0.6666666666666666,
        "precision": {
            "high": 0.6666666666666666,
            "medium": 0.5,
            "low": 1.0
        },
        "recall": {
            "high": 1.0,
            "medium": 0.5,
            "low": 0.5
        },
        "f1": {
            "high": 0.8,
            "medium": 0.5,
            "low": 0.6666666666666666
        },
        "matriz_confusion": [
            [
                2,
                0,
                0
            ],
            [
                1,
                1,
                0
            ],
            [
                0,
                1,
                1
            ]
        ]
    },
    "NGRAMA_PALABRA": {
        "exactitud": 0.3333333333333333,
        "precision": {
            "high": 0.0,
            "medium": 0.0,
            "low": 0.5
        },
        "recall": {
            "high": 0.0,
            "medium": 0.0,
            "low": 1.0
        },
        "f1": {
            "high": 0.0,
            "medium": 0.0,
            "low": 0.6666666666666666
        },
        "matriz_confusion": [
            [
                0,
                2,
                0
            ],
            [
                0,
                0,
                2
            ],
            [
                0,
                0,
                2
            ]
        ]
    },
    "NGRAMA_CARACTER": {
        "exactitud": 0.8333333333333334,
        "precision": {
            "high": 1.0,
            "medium": 0.6666666666666666,
            "low": 1.0
        },
        "recall": {
            "high": 1.0,
            "medium": 1.0,
            "low": 0.5
        },
        "f1": {
            "high": 1.0,
            "medium": 0.8,
            "low": 0.6666666666666666
        },
        "matriz_confusion": [
            [
                2,
                0,
                0
            ],
            [
                0,
                2,
                0
            ],
            [
                0,
                1,
                1
            ]
        ]
    },
    "COMBINADO": {
        "exactitud": 0.8333333333333334,
        "precision": {
            "high": 1.0,
            "medium": 0.6666666666666666,
            "low": 1.0
        },
        "recall": {
            "high": 1.0,
            "medium": 1.0,
            "low": 0.5
        },
        "f1": {
            "high": 1.0,
            "medium": 0.8,
            "low": 0.6666666666666666
        },
        "matriz_confusion": [
            [
                2,
                0,
                0
            ],
            [
                0,
                2,
                0
            ],
            [
                0,
                1,
                1
            ]
        ]
    }
}