{
    "umbrales": {
        "plagio": 0.7,
        "sospechoso": 0.5
    },
    "pesos": {
        "bow": 0.3404255319148936,
        "tfidf": 0.40425531914893614,
        "semantico": 0.0425531914893617,
        "ngrama_palabra": 0.06382978723404255,
        "ngrama_caracter": 0.0851063829787234,
        "markov": 0.0425531914893617,
        "estilo": 0.02127659574468085
    }
}