{
    "estadisticas": {
        "similitud_media": 0.7158714767538811,
        "similitud_mediana": 0.7684467824968455,
        "similitud_min": 0.1308881948118392,
        "similitud_max": 0.9149864852726859,
        "similitud_std": 0.18915111489127273
    },
    "distribucion": {
        "plagio": 59,
        "original": 41
    },
    "porcentajes": {
        "plagio": 0.59,
        "original": 0.41
    },
    "silhouette_coefficient": 0.4852218551033463,
    "cluster_purity": 0.94,
    "analisis_por_clase": {
        "original": {
            "count": 41,
            "similitud_media": 0.5729843353457506,
            "similitud_mediana": 0.6928976996389972,
            "similitud_std": 0.224404216740403
        },
        "plagio": {
            "count": 59,
            "similitud_media": 0.8151659309527515,
            "similitud_mediana": 0.8109382201726409,
            "similitud_std": 0.043342284590794915
        }
    },
    "metodos": {
        "BOW": {
            "media": 0.8084987869922277,
            "mediana": 0.8890224238102978,
            "min": 0.014611984598105372,
            "max": 0.97767359276203,
            "std": 0.2464873956186694
        },
        "TFIDF": {
            "media": 0.7867445471119849,
            "mediana": 0.868547462174224,
            "min": 0.008344802581421937,
            "max": 0.973006391395427,
            "std": 0.2508207595155232
        },
        "SEMANTICO": {
            "media": 0.4775197298824787,
            "mediana": 0.49509401619434357,
            "min": 0.12164418399333954,
            "max": 0.7460947036743164,
            "std": 0.139955278381743
        },
        "NGRAMA_PALABRA": {
            "media": 0.3447431231788352,
            "mediana": 0.33054032298115066,
            "min": 0.0,
            "max": 0.8137175548508757,
            "std": 0.20709082660619693
        },
        "NGRAMA_CARACTER": {
            "media": 0.823476206089411,
            "mediana": 0.8839746299139565,
            "min": 0.1855800150141869,
            "max": 0.9687100845474597,
            "std": 0.19228171954872272
        },
        "MARKOV": {
            "media": 0.9016638743587579,
            "mediana": 0.9288711418456841,
            "min": 0.49802471970954826,
            "max": 0.9877374891469413,
            "std": 0.09186994666524255
        }
    },
    "clustering": {
        "dbscan_num_clusters": 2,
        "dbscan_noise_points": 2
    },
    "matriz_confusion_kmeans": {
        "verdadero_negativo": 10,
        "falso_positivo": 31,
        "falso_negativo": 0,
        "verdadero_positivo": 59
    },
    "clustering_accuracy": 0.69,
    "metricas_clustering": {
        "precision": 0.6555555555555556,
        "recall": 1.0,
        "f1_score": 0.7919463087248322
    },
    "feature_importance": {
        "similitud": 0.15707621963337612,
        "cos_BOW": 0.21193672565998822,
        "cos_TFIDF": 0.21487731625862982,
        "cos_SEMANTICO": 0.07833474277383477,
        "cos_NGRAMA_PALABRA": 0.10176826319447421,
        "cos_NGRAMA_CARACTER": 0.16254028949575114,
        "cos_MARKOV": 0.07346644298394568
    }
}