{
    "EMBEDDINGS": {
        "exactitud": 0.6666666666666666,
        "precision": {
            "high": 0.6666666666666666,
            "medium": 0.5,
            "low": 1.0
        },
        "recall": {
            "high": 1.0,
            "medium": 0.5,
            "low": 0.5
        },
        "f1": {
            "high": 0.8,
            "medium": 0.5,
            "low": 0.6666666666666666
        },
        "matriz_confusion": [
            [
                2,
                0,
                0
            ],
            [
                1,
                1,
                0
            ],
            [
                0,
                1,
                1
            ]
        ]
    }
}