{
    "estadisticas": {
        "similitud_media": 0.4599882599711418,
        "similitud_mediana": 0.4788477122783661,
        "similitud_min": 0.11134836077690125,
        "similitud_max": 0.7186208367347717,
        "similitud_std": 0.1388772626234911
    },
    "distribucion": {
        "original": 98,
        "plagio": 2
    },
    "porcentajes": {
        "original": 0.98,
        "plagio": 0.02
    },
    "silhouette_coefficient": 0.22794990888348304,
    "cluster_purity": 0.98,
    "information_gain": 0.010352265674593714,
    "analisis_por_clase": {
        "original": {
            "count": 98,
            "similitud_media": 0.4547822490638616,
            "similitud_mediana": 0.4743117094039917,
            "similitud_std": 0.1353336840196462
        },
        "plagio": {
            "count": 2,
            "similitud_media": 0.7150827944278717,
            "similitud_mediana": 0.7150827944278717,
            "similitud_std": 0.005003547414667807
        }
    }
}