{
    "accuracy": [
        0.34703728556632996,
        0.4221038520336151
    ],
    "auc": [
        0.6180473566055298,
        0.7050753831863403
    ],
    "loss": [
        1.624787449836731,
        1.3603723049163818
    ],
    "precision": [
        0.3920992612838745,
        0.48896533250808716
    ],
    "recall": [
        0.19990013539791107,
        0.2839547395706177
    ],
    "val_accuracy": [
        0.4038461446762085,
        0.5192307829856873
    ],
    "val_auc": [
        0.7347139716148376,
        0.7775517702102661
    ],
    "val_loss": [
        1.168214201927185,
        1.0936816930770874
    ],
    "val_precision": [
        0.6086956262588501,
        0.7586206793785095
    ],
    "val_recall": [
        0.26923078298568726,
        0.42307692766189575
    ],
    "learning_rate": [
        0.0003000000142492354,
        0.0003000000142492354
    ]
}