{
    "accuracy": [
        0.8057590126991272
    ],
    "auc_1": [
        0.9598786234855652
    ],
    "loss": [
        0.48505428433418274
    ],
    "precision_1": [
        0.8841879367828369
    ],
    "recall_1": [
        0.7548269033432007
    ],
    "val_accuracy": [
        0.25
    ],
    "val_auc_1": [
        0.5167036056518555
    ],
    "val_loss": [
        1.4150316715240479
    ],
    "val_precision_1": [
        0.0
    ],
    "val_recall_1": [
        0.0
    ],
    "learning_rate": [
        9.999999747378752e-05
    ]
}