{
    "accuracy": [
        0.8142476677894592
    ],
    "auc_1": [
        0.9624799489974976
    ],
    "loss": [
        0.4695438742637634
    ],
    "precision_1": [
        0.8820235729217529
    ],
    "recall_1": [
        0.7603195905685425
    ],
    "val_accuracy": [
        0.26923078298568726
    ],
    "val_auc_1": [
        0.565027117729187
    ],
    "val_loss": [
        1.4238035678863525
    ],
    "val_precision_1": [
        0.5
    ],
    "val_recall_1": [
        0.13461539149284363
    ],
    "learning_rate": [
        9.999999747378752e-05
    ]
}