{
    "accuracy": [
        0.407956063747406,
        0.4715379476547241,
        0.5209720134735107,
        0.5264647006988525,
        0.5525965094566345,
        0.5660785436630249,
        0.5795605778694153,
        0.5902130603790283,
        0.5905459523200989,
        0.5927097201347351,
        0.6015312671661377,
        0.6043608784675598,
        0.6136817336082458
    ],
    "auc": [
        0.6741557717323303,
        0.7450205683708191,
        0.7790206074714661,
        0.796479344367981,
        0.8139916658401489,
        0.825363278388977,
        0.835030198097229,
        0.8393875360488892,
        0.8437106013298035,
        0.8457120656967163,
        0.8524996042251587,
        0.8509051203727722,
        0.8555893898010254
    ],
    "loss": [
        1.3694956302642822,
        1.1891238689422607,
        1.1056699752807617,
        1.0565955638885498,
        1.0133498907089233,
        0.9810593724250793,
        0.956755518913269,
        0.9479402899742126,
        0.9324538111686707,
        0.926925003528595,
        0.9096994400024414,
        0.9134225845336914,
        0.9024271965026855
    ],
    "precision": [
        0.4919843375682831,
        0.60126793384552,
        0.6412094831466675,
        0.6601148843765259,
        0.6849511861801147,
        0.7015526294708252,
        0.7249154448509216,
        0.7189233899116516,
        0.718698263168335,
        0.7214246392250061,
        0.7328618168830872,
        0.7369973063468933,
        0.7444981336593628
    ],
    "recall": [
        0.22986018657684326,
        0.29993343353271484,
        0.34237682819366455,
        0.3633488714694977,
        0.3969707190990448,
        0.40612515807151794,
        0.42809587717056274,
        0.43125832080841064,
        0.43375498056411743,
        0.4349201023578644,
        0.44840213656425476,
        0.4575566053390503,
        0.4617176949977875
    ],
    "val_accuracy": [
        0.25,
        0.25,
        0.26923078298568726,
        0.2884615361690521,
        0.36538460850715637,
        0.2884615361690521,
        0.26923078298568726,
        0.26923078298568726,
        0.26923078298568726,
        0.2884615361690521,
        0.2884615361690521,
        0.26923078298568726,
        0.2884615361690521
    ],
    "val_auc": [
        0.5297091007232666,
        0.5361193418502808,
        0.5306952595710754,
        0.540618896484375,
        0.5743959546089172,
        0.5719920992851257,
        0.5615754127502441,
        0.5611439943313599,
        0.5872781276702881,
        0.5731632113456726,
        0.5921474695205688,
        0.5713757276535034,
        0.5800049304962158
    ],
    "val_loss": [
        1.4575011730194092,
        1.5718508958816528,
        1.5032857656478882,
        1.6165496110916138,
        1.7531794309616089,
        1.7930073738098145,
        1.911801815032959,
        2.1387548446655273,
        2.2839996814727783,
        2.3308732509613037,
        2.3031938076019287,
        2.5689215660095215,
        2.5570311546325684
    ],
    "val_precision": [
        0.0,
        0.25531914830207825,
        0.0,
        0.0,
        0.75,
        0.2857142984867096,
        0.27272728085517883,
        0.25999999046325684,
        0.26530611515045166,
        0.2800000011920929,
        0.27450981736183167,
        0.26923078298568726,
        0.26530611515045166
    ],
    "val_recall": [
        0.0,
        0.23076923191547394,
        0.0,
        0.0,
        0.057692307978868484,
        0.1538461595773697,
        0.17307692766189575,
        0.25,
        0.25,
        0.26923078298568726,
        0.26923078298568726,
        0.26923078298568726,
        0.25
    ],
    "learning_rate": [
        9.999999747378752e-05,
        9.999999747378752e-05,
        9.999999747378752e-05,
        9.999999747378752e-05,
        4.999999873689376e-05,
        4.999999873689376e-05,
        4.999999873689376e-05,
        2.499999936844688e-05,
        2.499999936844688e-05,
        2.499999936844688e-05,
        1.249999968422344e-05,
        1.249999968422344e-05,
        1.249999968422344e-05
    ]
}