{
    "accuracy": [
        0.34704917669296265,
        0.4359016418457031,
        0.47065573930740356,
        0.48442623019218445,
        0.5090163946151733,
        0.5259016156196594,
        0.5419672131538391,
        0.5490164160728455,
        0.5637704730033875,
        0.5696721076965332,
        0.577049195766449,
        0.5926229357719421,
        0.5899999737739563,
        0.6209836006164551,
        0.6309835910797119,
        0.6313114762306213,
        0.6524590253829956,
        0.6542623043060303,
        0.6595081686973572,
        0.6609836220741272,
        0.6752458810806274,
        0.6903278827667236,
        0.6867213249206543,
        0.685245931148529,
        0.688524603843689,
        0.6903278827667236,
        0.7059016227722168,
        0.6914753913879395,
        0.7080327868461609,
        0.7034426331520081
    ],
    "auc": [
        0.6962368488311768,
        0.7808340191841125,
        0.8120017051696777,
        0.8200143575668335,
        0.8374017477035522,
        0.8462110757827759,
        0.8542251586914062,
        0.8628517985343933,
        0.8679296374320984,
        0.8721765875816345,
        0.8749307990074158,
        0.883161723613739,
        0.8839001059532166,
        0.895530104637146,
        0.9020966291427612,
        0.9049130082130432,
        0.9150563478469849,
        0.9157973527908325,
        0.9171944856643677,
        0.9193490147590637,
        0.9219222068786621,
        0.9284569025039673,
        0.929906964302063,
        0.9282737970352173,
        0.9316747188568115,
        0.9317469000816345,
        0.9362442493438721,
        0.9334231019020081,
        0.936181902885437,
        0.9359169006347656
    ],
    "loss": [
        1.633919596672058,
        1.3328074216842651,
        1.2047542333602905,
        1.1851781606674194,
        1.1177345514297485,
        1.0900557041168213,
        1.0627470016479492,
        1.021946907043457,
        1.0046441555023193,
        0.992669939994812,
        0.9771757125854492,
        0.9464629888534546,
        0.9395695924758911,
        0.8966053128242493,
        0.866674542427063,
        0.8502717018127441,
        0.8099439740180969,
        0.8054342269897461,
        0.7962873578071594,
        0.7863407135009766,
        0.7757837176322937,
        0.7453847527503967,
        0.7366914749145508,
        0.7455832958221436,
        0.725449800491333,
        0.723495364189148,
        0.7033863663673401,
        0.7150759100914001,
        0.7012379765510559,
        0.7059195637702942
    ],
    "precision": [
        0.41422003507614136,
        0.5342421531677246,
        0.5902515649795532,
        0.6160458326339722,
        0.6565272212028503,
        0.6598275303840637,
        0.6867182850837708,
        0.6989309191703796,
        0.7062696814537048,
        0.7099971771240234,
        0.7256885766983032,
        0.7204650044441223,
        0.7399612069129944,
        0.7582764029502869,
        0.7580071091651917,
        0.7676716446876526,
        0.790099024772644,
        0.789448082447052,
        0.7842523455619812,
        0.7897768020629883,
        0.785497784614563,
        0.8048326969146729,
        0.8015963435173035,
        0.7930879592895508,
        0.8071718811988831,
        0.8068825006484985,
        0.8141592741012573,
        0.796715497970581,
        0.818899393081665,
        0.8112324476242065
    ],
    "recall": [
        0.1919672191143036,
        0.26983606815338135,
        0.3077049255371094,
        0.31721311807632446,
        0.33967211842536926,
        0.3637704849243164,
        0.37803277373313904,
        0.39655739068984985,
        0.4044262170791626,
        0.4109835922718048,
        0.42327868938446045,
        0.4368852376937866,
        0.43803277611732483,
        0.4731147587299347,
        0.48885247111320496,
        0.4967212975025177,
        0.5232787132263184,
        0.5322951078414917,
        0.5339344143867493,
        0.5395082235336304,
        0.5522950887680054,
        0.5678688287734985,
        0.5762295126914978,
        0.5793442726135254,
        0.5867213010787964,
        0.5842623114585876,
        0.6032786965370178,
        0.588524580001831,
        0.595245897769928,
        0.5967212915420532
    ],
    "val_accuracy": [
        0.5283018946647644,
        0.5471698045730591,
        0.5094339847564697,
        0.5660377144813538,
        0.5849056839942932,
        0.4716981053352356,
        0.49056604504585266,
        0.6226415038108826,
        0.5849056839942932,
        0.698113203048706,
        0.5660377144813538,
        0.5471698045730591,
        0.5849056839942932,
        0.5660377144813538,
        0.6792452931404114,
        0.5849056839942932,
        0.7358490824699402,
        0.8113207817077637,
        0.7358490824699402,
        0.7735849022865295,
        0.7358490824699402,
        0.7169811129570007,
        0.7358490824699402,
        0.7169811129570007,
        0.9056603908538818,
        0.7358490824699402,
        0.7169811129570007,
        0.7735849022865295,
        0.8113207817077637,
        0.7169811129570007
    ],
    "val_auc": [
        0.8173282146453857,
        0.8400676250457764,
        0.8069152235984802,
        0.8804734945297241,
        0.8785154819488525,
        0.7920078635215759,
        0.8241367340087891,
        0.8984514474868774,
        0.8728640079498291,
        0.9272426962852478,
        0.8941794037818909,
        0.8564435839653015,
        0.9005429148674011,
        0.9026343822479248,
        0.9234157800674438,
        0.860270619392395,
        0.9534977078437805,
        0.9670701026916504,
        0.9482912421226501,
        0.9474457502365112,
        0.9482021927833557,
        0.9583036303520203,
        0.9507386684417725,
        0.9504716992378235,
        0.9849145412445068,
        0.9499377012252808,
        0.955856204032898,
        0.9623085856437683,
        0.9575916528701782,
        0.9519846439361572
    ],
    "val_loss": [
        1.1885708570480347,
        1.1180239915847778,
        1.3616855144500732,
        0.9854356050491333,
        0.9738074541091919,
        1.7308809757232666,
        1.2724263668060303,
        0.8919036984443665,
        1.0283175706863403,
        0.7472051978111267,
        0.9006831049919128,
        1.1102746725082397,
        0.8820022940635681,
        0.8525012135505676,
        0.76419997215271,
        1.2210947275161743,
        0.5846282839775085,
        0.5373760461807251,
        0.6124164462089539,
        0.6156590580940247,
        0.6430246829986572,
        0.5630361437797546,
        0.6159732937812805,
        0.6039668321609497,
        0.40315335988998413,
        0.6341591477394104,
        0.5670567750930786,
        0.537514865398407,
        0.5743426084518433,
        0.6065132021903992
    ],
    "val_precision": [
        0.9333333373069763,
        0.71875,
        0.6111111044883728,
        0.8695651888847351,
        0.6857143044471741,
        0.5121951103210449,
        0.4883720874786377,
        0.7027027010917664,
        0.6590909361839294,
        0.8888888955116272,
        0.75,
        0.5581395626068115,
        0.6829268336296082,
        0.7575757503509521,
        0.7906976938247681,
        0.7105262875556946,
        0.8139534592628479,
        0.930232584476471,
        0.8536585569381714,
        0.9487179517745972,
        0.8947368264198303,
        0.8139534592628479,
        0.800000011920929,
        0.7555555701255798,
        0.9772727489471436,
        0.800000011920929,
        0.8181818127632141,
        0.8974359035491943,
        0.9318181872367859,
        0.800000011920929
    ],