{
    "accuracy": [
        0.383821576833725,
        0.4868508577346802,
        0.5104860067367554,
        0.5356191992759705,
        0.5434420704841614,
        0.5675765872001648,
        0.5732356905937195,
        0.5967044234275818,
        0.5985352993011475,
        0.6140146255493164,
        0.6286618113517761,
        0.6424766778945923,
        0.6421437859535217,
        0.6522969603538513,
        0.6546271443367004,
        0.6621171832084656,
        0.665612518787384,
        0.654127836227417,
        0.6752663254737854,
        0.6722702980041504,
        0.6854194402694702,
        0.6850865483283997,
        0.6935752034187317,
        0.6885818839073181,
        0.687916100025177,
        0.6929094791412354,
        0.6979027986526489,
        0.6954061388969421,
        0.7032290101051331,
        0.6987349987030029
    ],
    "auc_2": [
        0.6578336954116821,
        0.7654517889022827,
        0.7933026552200317,
        0.8139536380767822,
        0.8197041153907776,
        0.8313025236129761,
        0.8378714919090271,
        0.8511868715286255,
        0.8557783961296082,
        0.8680416941642761,
        0.8763440251350403,
        0.8819315433502197,
        0.8808896541595459,
        0.8872487545013428,
        0.8913357257843018,
        0.8950396180152893,
        0.8981233239173889,
        0.8939088582992554,
        0.8968838453292847,
        0.9016275405883789,
        0.9065307378768921,
        0.9079800844192505,
        0.9105550050735474,
        0.908718466758728,
        0.9080411195755005,
        0.9116079807281494,
        0.9111143350601196,
        0.9141865968704224,
        0.9151554703712463,
        0.9134034514427185
    ],
    "loss": [
        1.3864080905914307,
        1.1260842084884644,
        1.0600148439407349,
        1.0084168910980225,
        0.9903964996337891,
        0.9641925096511841,
        0.9430669546127319,
        0.9074859619140625,
        0.896450400352478,
        0.8585384488105774,
        0.832915186882019,
        0.8159539699554443,
        0.8193381428718567,
        0.7970478534698486,
        0.781493067741394,
        0.7680580615997314,
        0.7587385773658752,
        0.7731960415840149,
        0.765119731426239,
        0.7456178069114685,
        0.7281250953674316,
        0.7214159369468689,
        0.7142213582992554,
        0.7184378504753113,
        0.7229626178741455,
        0.7076815962791443,
        0.7113625407218933,
        0.6974060535430908,
        0.6950529217720032,
        0.701529324054718
    ],
    "precision_2": [
        0.45636874437332153,
        0.6091436147689819,
        0.6398432850837708,
        0.658682644367218,
        0.6762939691543579,
        0.702506959438324,
        0.6921379566192627,
        0.7214987874031067,
        0.7239215970039368,
        0.7502595782279968,
        0.7487537264823914,
        0.7639506459236145,
        0.7599999904632568,
        0.7693793773651123,
        0.770432710647583,
        0.780394971370697,
        0.7793536186218262,
        0.778012216091156,
        0.7907141447067261,
        0.7918128371238708,
        0.7914864420890808,
        0.7916090488433838,
        0.803966760635376,
        0.7921106219291687,
        0.7923930287361145,
        0.796434223651886,
        0.7890257835388184,
        0.7995933294296265,
        0.8040798306465149,
        0.7997753024101257
    ],
    "recall_2": [
        0.21587882936000824,
        0.31491345167160034,
        0.35336217284202576,
        0.3844873607158661,
        0.39364179968833923,
        0.4197736382484436,
        0.417609840631485,
        0.4518974721431732,
        0.46088549494743347,
        0.4810253083705902,
        0.5,
        0.5149800181388855,
        0.5218042731285095,
        0.5302929282188416,
        0.5334553718566895,
        0.5459387302398682,
        0.5579227805137634,
        0.5524300932884216,
        0.5584220886230469,
        0.5634154677391052,
        0.5787283778190613,
        0.5715712308883667,
        0.5802263617515564,
        0.5815579295158386,
        0.5825566053390503,
        0.587383508682251,
        0.5863848328590393,
        0.589047908782959,
        0.5970372557640076,
        0.5923768281936646
    ],
    "val_accuracy": [
        0.48076921701431274,
        0.6153846383094788,
        0.557692289352417,
        0.6153846383094788,
        0.6346153616905212,
        0.692307710647583,
        0.6538461446762085,
        0.7307692170143127,
        0.557692289352417,
        0.692307710647583,
        0.7115384340286255,
        0.692307710647583,
        0.7692307829856873,
        0.6538461446762085,
        0.7884615659713745,
        0.8461538553237915,
        0.7307692170143127,
        0.7115384340286255,
        0.7692307829856873,
        0.75,
        0.7307692170143127,
        0.7115384340286255,
        0.807692289352417,
        0.75,
        0.8461538553237915,
        0.8269230723381042,
        0.807692289352417,
        0.8269230723381042,
        0.7884615659713745,
        0.8269230723381042
    ],
    "val_auc_2": [
        0.7127096056938171,
        0.8553377389907837,
        0.8486193418502808,
        0.8671720027923584,
        0.8815951347351074,
        0.9246178269386292,
        0.9111809730529785,
        0.905756950378418,
        0.869699239730835,
        0.9238165616989136,
        0.9432939291000366,
        0.923015296459198,
        0.9289940595626831,
        0.9168515801429749,
        0.9596893191337585,
        0.963695764541626,
        0.9530941247940063,
        0.9270833134651184,
        0.9599975943565369,
        0.949396014213562,
        0.9492726922035217,
        0.9420611262321472,
        0.965976357460022,
        0.9561144113540649,
        0.9652366638183594,
        0.9701060056686401,
        0.961168646812439,
        0.9665310978889465,
        0.9619082808494568,
        0.9593811631202698
    ],
    "val_loss": [
        1.1941535472869873,
        0.9315213561058044,
        0.8850298523902893,
        0.8683440685272217,
        0.8156268000602722,
        0.6549727320671082,
        0.6964699029922485,
        0.7496971487998962,
        0.8555598855018616,
        0.642536997795105,
        0.5590462684631348,
        0.6626607179641724,
        0.6331545114517212,
        0.6859412789344788,
        0.49359947443008423,
        0.4722846746444702,
        0.5081292390823364,
        0.6413292288780212,
        0.4882119297981262,
        0.5364661812782288,
        0.5192334055900574,
        0.5727909803390503,
        0.44002288579940796,
        0.48822638392448425,
        0.4574694037437439,
        0.42174795269966125,
        0.4967878758907318,
        0.44061940908432007,
        0.46840041875839233,
        0.49102717638015747
    ],
    "val_precision_2": [
        1.0,
        0.8571428656578064,
        0.75,
        0.71875,
        0.7368420958518982,
        0.837837815284729,
        0.8857142925262451,
        0.8372092843055725,
        0.7250000238418579,
        0.761904776096344,
        0.8461538553237915,
        0.8292682766914368,
        0.800000011920929,
        0.761904776096344,
        0.8604651093482971,
        0.9523809552192688,
        0.8181818127632141,
        0.7555555701255798,
        0.8478260636329651,
        0.8181818127632141,
        0.8571428656578064,
        0.8222222328186035,
        0.9268292784690857,
        0.8604651093482971,
        0.9069767594337463,
        0.9268292784690857,
        0.9318181872367859,
        0.8695651888847351,
        0.8409090638160706,
        0.9111111164093018
    ],