{
    "accuracy": [
        0.41561251878738403,
        0.47353529930114746,
        0.4936751127243042,
        0.5016644597053528,
        0.5271304845809937,
        0.5229693651199341,
        0.5361185073852539,
        0.5281291604042053,
        0.5421105027198792,
        0.5454394221305847,
        0.5600865483283997,
        0.5602530241012573,
        0.5647469758987427,
        0.5669108033180237,
        0.5727363228797913,
        0.5655792355537415,
        0.5778961181640625,
        0.5694074630737305,
        0.5714048147201538,
        0.5753994584083557,
        0.5767310261726379,
        0.5729027986526489,
        0.5780625939369202,
        0.5828894972801208,
        0.5747336745262146,
        0.580559253692627,
        0.5712383389472961,
        0.5734021067619324,
        0.5875499248504639,
        0.581391453742981,
        0.580559253692627,
        0.5868841409683228
    ],
    "auc": [
        0.6868182420730591,
        0.749542236328125,
        0.7684710025787354,
        0.7815006971359253,
        0.7944251894950867,
        0.7990050911903381,
        0.804568350315094,
        0.8035247921943665,
        0.8107560873031616,
        0.8118447065353394,
        0.8181568384170532,
        0.8252031803131104,
        0.8275812864303589,
        0.8282189965248108,
        0.8296251893043518,
        0.8262304663658142,
        0.8356156349182129,
        0.8311456441879272,
        0.8314907550811768,
        0.8376644849777222,
        0.8347324132919312,
        0.8375676870346069,
        0.8360890746116638,
        0.8378559947013855,
        0.8359378576278687,
        0.8366360068321228,
        0.8348199725151062,
        0.8340129256248474,
        0.843254804611206,
        0.8356514573097229,
        0.8362532258033752,
        0.8398100137710571
    ],
    "loss": [
        1.3339085578918457,
        1.1915479898452759,
        1.1503615379333496,
        1.1111462116241455,
        1.0807700157165527,
        1.0701496601104736,
        1.0547010898590088,
        1.0603947639465332,
        1.0397510528564453,
        1.029930591583252,
        1.0190280675888062,
        0.9956780672073364,
        0.9886385202407837,
        0.9868705868721008,
        0.9811826944351196,
        0.9874277114868164,
        0.96632319688797,
        0.975187361240387,
        0.9791926741600037,
        0.9585945010185242,
        0.967147946357727,
        0.9571890234947205,
        0.9639816880226135,
        0.9611700773239136,
        0.9618363380432129,
        0.9633387327194214,
        0.9684091210365295,
        0.9659513831138611,
        0.9428935050964355,
        0.9648720622062683,
        0.9621378779411316,
        0.9507126212120056
    ],
    "precision": [
        0.4902363717556,
        0.5652810335159302,
        0.5723270177841187,
        0.5997293591499329,
        0.6222048997879028,
        0.6176849603652954,
        0.6288923025131226,
        0.618904709815979,
        0.6366834044456482,
        0.6313942074775696,
        0.6566641926765442,
        0.6560951471328735,
        0.6662570834159851,
        0.6688070893287659,
        0.6678107380867004,
        0.6645177006721497,
        0.6723424792289734,
        0.6718327403068542,
        0.6647087335586548,
        0.6828431487083435,
        0.6712861657142639,
        0.673870325088501,
        0.6765936613082886,
        0.6791277527809143,
        0.6750611066818237,
        0.6739341020584106,
        0.6606280207633972,
        0.6715976595878601,
        0.6913074851036072,
        0.6763495802879333,
        0.6767701506614685,
        0.6847087144851685
    ],
    "recall": [
        0.2381824254989624,
        0.3214047849178314,
        0.3483688533306122,
        0.3688415586948395,
        0.39830225706100464,
        0.3988015949726105,
        0.41011983156204224,
        0.4119507372379303,
        0.42177096009254456,
        0.4191078543663025,
        0.437083899974823,
        0.44074568152427673,
        0.4512316882610321,
        0.45073235034942627,
        0.4533954858779907,
        0.44607189297676086,
        0.4600532650947571,
        0.4545605778694153,
        0.4520639181137085,
        0.4637150466442108,
        0.45955392718315125,
        0.4567243754863739,
        0.4575566053390503,
        0.4717043936252594,
        0.45955392718315125,
        0.4630492627620697,
        0.4552263617515564,
        0.4533954858779907,
        0.4778628349304199,
        0.46504661440849304,
        0.4645472764968872,
        0.46954062581062317
    ],
    "val_accuracy": [
        0.3076923191547394,
        0.557692289352417,
        0.6153846383094788,
        0.6346153616905212,
        0.7115384340286255,
        0.6153846383094788,
        0.5961538553237915,
        0.6153846383094788,
        0.5384615659713745,
        0.6538461446762085,
        0.6346153616905212,
        0.6538461446762085,
        0.692307710647583,
        0.6346153616905212,
        0.5961538553237915,
        0.6538461446762085,
        0.6538461446762085,
        0.6730769276618958,
        0.7307692170143127,
        0.7115384340286255,
        0.7692307829856873,
        0.6538461446762085,
        0.6730769276618958,
        0.7115384340286255,
        0.7307692170143127,
        0.7307692170143127,
        0.7307692170143127,
        0.7115384340286255,
        0.7115384340286255,
        0.7115384340286255,
        0.692307710647583,
        0.6153846383094788
    ],
    "val_auc": [
        0.6343688368797302,
        0.7820512652397156,
        0.8518245220184326,
        0.8607001900672913,
        0.8897928595542908,
        0.8912721872329712,
        0.8553377389907837,
        0.8497904539108276,
        0.851577877998352,
        0.882088303565979,
        0.8805473446846008,
        0.9080374836921692,
        0.8945389986038208,
        0.8650147914886475,
        0.878020167350769,
        0.8902243375778198,
        0.8760478496551514,
        0.8965729475021362,
        0.8897928595542908,
        0.9249259829521179,
        0.9248027205467224,
        0.913153350353241,
        0.9023052453994751,
        0.909023642539978,
        0.8988535404205322,
        0.8924432992935181,
        0.9197485446929932,
        0.9069280624389648,
        0.9132766723632812,
        0.9175912141799927,
        0.9124753475189209,
        0.9033530950546265
    ],
    "val_loss": [
        1.330159068107605,
        1.1342779397964478,
        0.9317883849143982,
        0.8823016285896301,
        0.8061916828155518,
        0.7884522676467896,
        0.9857383370399475,
        0.9765614867210388,
        0.9303137063980103,
        0.8417073488235474,
        0.8414964079856873,
        0.7145612239837646,
        0.7672143578529358,
        0.8929920196533203,
        0.8295907378196716,
        0.7752129435539246,
        0.8739330768585205,
        0.7779866456985474,
        0.7946774959564209,
        0.6559839844703674,
        0.6750624775886536,
        0.7050663828849792,
        0.7391634583473206,
        0.7194074392318726,
        0.7754836678504944,
        0.8028672933578491,
        0.6807469725608826,
        0.730431318283081,
        0.7069956064224243,
        0.6896553039550781,
        0.7071514129638672,
        0.7324168682098389
    ],