{
    "accuracy": [
        0.8019307851791382,
        0.9345872402191162,
        0.9573901295661926,
        0.9677097201347351,
        0.9761983752250671,
        0.973868191242218,
        0.9793608784675598,
        0.9801930785179138,
        0.9861850738525391,
        0.9895139932632446
    ],
    "auc_1": [
        0.9581051468849182,
        0.9923417568206787,
        0.9953883290290833,
        0.9966868162155151,
        0.9970389008522034,
        0.9975778460502625,
        0.9981797933578491,
        0.9985184669494629,
        0.9991960525512695,
        0.9994341731071472
    ],
    "loss": [
        0.4953601062297821,
        0.19575227797031403,
        0.1368737816810608,
        0.10391969978809357,
        0.08630673587322235,
        0.08411934971809387,
        0.0708090215921402,
        0.06674972921609879,
        0.04597938060760498,
        0.036450233310461044
    ],
    "precision_1": [
        0.8760265707969666,
        0.951429545879364,
        0.9667627811431885,
        0.974065363407135,
        0.9788909554481506,
        0.9777219295501709,
        0.9817695021629333,
        0.9824444055557251,
        0.9886306524276733,
        0.9901650547981262
    ],
    "recall_1": [
        0.7456724643707275,
        0.919440746307373,
        0.9489014744758606,
        0.9627164006233215,
        0.9725366234779358,
        0.9715379476547241,
        0.9770306348800659,
        0.9780293107032776,
        0.9841877222061157,
        0.9886817336082458
    ],
    "val_accuracy": [
        0.25,
        0.5384615659713745,
        0.8846153616905212,
        1.0,
        1.0,
        1.0,
        1.0,
        0.9807692170143127,
        1.0,
        1.0
    ],
    "val_auc_1": [
        0.5001848936080933,
        0.7534516453742981,
        0.9855152368545532,
        0.9999999403953552,
        1.0,
        1.0,
        1.0,
        0.9996301531791687,
        1.0,
        0.9999999403953552
    ],
    "val_loss": [
        1.5501004457473755,
        1.1100265979766846,
        0.35641002655029297,
        0.06437193602323532,
        0.026367273181676865,
        0.01103982888162136,
        0.011737321503460407,
        0.05317271128296852,
        0.005935222841799259,
        0.0050144498236477375
    ],
    "val_precision_1": [
        0.21739129722118378,
        0.8235294222831726,
        0.9375,
        1.0,
        1.0,
        1.0,
        1.0,
        0.9807692170143127,
        1.0,
        1.0
    ],
    "val_recall_1": [
        0.09615384787321091,
        0.26923078298568726,
        0.8653846383094788,
        0.9807692170143127,
        0.9807692170143127,
        1.0,
        1.0,
        0.9807692170143127,
        1.0,
        1.0
    ],
    "learning_rate": [
        9.999999747378752e-05,
        9.999999747378752e-05,
        9.999999747378752e-05,
        9.999999747378752e-05,
        9.999999747378752e-05,
        9.999999747378752e-05,
        9.999999747378752e-05,
        9.999999747378752e-05,
        4.999999873689376e-05,
        4.999999873689376e-05
    ]
}